repo,lang,typeCount,stratum
societe-generale__arch-unit-build-plugin-core,Java,36,small
Cantara__Java-Auto-Update,Java,27,small
alina-yur__swiss-travel-advisor,Java,25,small
wiremock__wiremock-grpc-extension,Java,31,small
jenkinsci__git-forensics-plugin,Java,31,small
jenkins-infra__repository-permissions-updater,Java,31,small
huangsam__photohaul,Java,44,small
cronn__reflection-util,Java,29,small
camunda-community-hub__camunda-platform-7-mail,Java,38,small
taowater__ztream,Java,28,small
pivotal-cf__java-cfenv,Java,48,small
bancolombia__secrets-manager,Java,32,small
rundeck-plugins__salt-step,Java,23,small
micronaut-projects__micronaut-test,Java,42,small
Andre601__OneVersionRemake,Java,23,small
xzel23__cabe,Java,27,small
teaconmc__SlideShow,Java,45,small
HL7-DaVinci__prior-auth,Java,30,small
ihub-pub__libs,Java,33,small
ocadotechnology__test-arranger,Java,26,small
shinovon__mpgram-client,Java,40,small
spdx__Spdx-Java-Library,Java,45,small
quarkiverse__quarkus-fx,Java,48,small
GouravRusiya30__SpringBootRestAPI,Java,28,small
Tater-Certified__Oxidizium,Java,38,small
opensearch-project__query-insights,Java,89,medium
gradlex-org__jvm-dependency-conflict-resolution,Java,79,medium
PaperMC__adventure-platform-mod,Java,71,medium
spiffe__java-spiffe,Java,78,medium
jesuino__java-ml-projects,Java,55,medium
66-m__sorting-visualizer,Java,82,medium
eProsima__IDL-Parser,Java,62,medium
oras-project__oras-java,Java,54,medium
Lord-of-Algorithms__DSA-in-Java,Java,98,medium
vennarshulytz__validation-parent,Java,86,medium
elder-oss__sourcerer,Java,89,medium
gradlex-org__java-module-dependencies,Java,53,medium
Suiranoil__SkinRestorer,Java,97,medium
CloudburstMC__Network,Java,82,medium
bitcoinj__secp256k1-jdk,Java,61,medium
MattMin__a-redis,Java,62,medium
bufbuild__protovalidate-java,Java,62,medium
LukenSkyne__Minecraft-Ping-Wheel,Java,69,medium
LordDeatHunter__FabricWaystones,Java,75,medium
jenkinsci__azure-ad-plugin,Java,51,medium
AlexProgrammerDE__PistonQueue,Java,58,medium
PC-Logix__OpenFM,Java,55,medium
confluentinc__rest-utils,Java,64,medium
quarkiverse__quarkus-dapr,Java,56,medium
phax__peppol-reporting,Java,49,medium
jenkinsci__pipeline-maven-plugin,Java,109,large
arconia-io__arconia-cli,Java,107,large
projectnessie__cel-java,Java,145,large
gematik__ref-idp-server,Java,158,large
smallrye__smallrye-common,Java,153,large
signalfx__splunk-otel-java,Java,197,large
Iterable__iterable-android-sdk,Java,107,large
quarkiverse__quarkus-google-cloud-services,Java,121,large
cybersonic__LuCLI,Java,128,large
apache__maven-pmd-plugin,Java,109,large
apache__commons-numbers,Java,136,large
spitfireuptown__datacopilotx,Java,117,large
diennea__carapaceproxy,Java,122,large
wultra__powerauth-push-server,Java,158,large
xdev-software__vaadin-maps-leaflet-flow,Java,125,large
target__POSSUM,Java,109,large
arivan-amin__Cinemayan-Spring-Microservices,Java,122,large
yangSpica27__SPICaWeather3,Java,142,large
flynndi__quarkus-jimmer-extension,Java,150,large
microsoft__kiota-java,Java,111,large
wildfly__jboss-ejb-client,Java,137,large
ConsensusJ__consensusj,Java,181,large
jenkinsci__bitbucket-push-and-pull-request-plugin,Java,162,large
hypertrace__javaagent,Java,163,large
devezhao__persist4j,Java,105,large
jcmgray__symmray,Python,48,small
tylerjwoodfin__tools,Python,22,small
benmaster82__writher,Python,35,small
stac-utils__stac-asset,Python,27,small
feincms__django-cabinet,Python,39,small
RyanJHamby__stock-screener,Python,44,small
HongyunQiu__QevosAgent,Python,27,small
feincms__django-authlib,Python,21,small
opendatahub-io__ai-helpers,Python,20,small
MarksLab-DasLab__RNAGym,Python,25,small
zeroma25__ranobelib-downloader,Python,33,small
ShenSeanChen__launch-DeepResearch-Backend,Python,40,small
Garden-AI__rootstock,Python,38,small
KevinyWu__hug,Python,25,small
aws-controllers-k8s__ec2-controller,Python,25,small
gongyu0918-debug__chinese-official-writing-skill,Python,27,small
annuaire-entreprises-data-gouv-fr__search-api,Python,40,small
jx-wang-s-group__JAX-AMG,Python,32,small
ml-gde__jflux,Python,29,small
slickml__slick-ml,Python,34,small
baseplate-admin__django-ltree-2,Python,20,small
Fratres-X-AI__JamBoy,Python,24,small
ondata__opensdmx,Python,20,small
opensearch-project__opensearch-agent-skills,Python,43,small
jethornton__flexgui,Python,21,small
yashneil75__gitlord,Python,98,medium
jvolkman__repairwheel,Python,94,medium
GalacticDynamics__unxt,Python,112,medium
time-series-machine-learning__tsml-eval,Python,77,medium
originalsage__MR3A,Python,53,medium
MaribelHearm__sgcc-home-assistant-bridg,Python,99,medium
tilde-research__one-layer-deeper,Python,56,medium
nolabs-ai__nono-py,Python,91,medium
dnsimple__dnsimple-python,Python,118,medium
iGavroche__rocm-ninodes,Python,68,medium
dj-kata__sdvx_helper,Python,87,medium
hhopke__intervals-icu-mcp,Python,96,medium
render-engine__render-engine,Python,73,medium
pyiron__pysqa,Python,54,medium
tkersey__dotfiles,Python,57,medium
sanders41__meilisearch-python-sdk,Python,120,medium
miguelsousa__openbakery,Python,60,medium
selfcustody__krux-installer,Python,67,medium
mathieu-lemay__pipeline-runner,Python,84,medium
Libensemble__libensemble,Python,122,medium
gleanwork__glean-agent-toolkit,Python,53,medium
the-momentum__python-ai-kit,Python,69,medium
pierrecomputer__sdk,Python,92,medium
vertti__daffy,Python,98,medium
brandonzorn__Nlight,Python,115,medium
ariebovenberg__pdfje,Python,126,large
civictechdc__cib-mango-tree,Python,143,large
derrynknife__SurPyval,Python,139,large
tibuntu__homeassistant-kubernetes,Python,204,large
DMedina559__bedrock-server-manager,Python,141,large
microsoft__olive-recipes,Python,221,large
serenita-org__vero,Python,182,large
autowarefoundation__auto_e2e,Python,182,large
Llucs__backon,Python,181,large
liquidz00__Patcher,Python,233,large
torch-spyre__sendnn-inference,Python,137,large
myny-git__smappee_ev,Python,159,large
openstack__placement,Python,194,large
globus__globus-cli,Python,138,large
proDreams__async_yookassa,Python,202,large
ai-dynamo__modelexpress,Python,209,large
xiaomi-mlab__DriveVA,Python,189,large
ORNL__Equilipy,Python,124,large
google__garf,Python,255,large
jens62__geberit-aquaclean,Python,172,large
pyiron__pyiron_base,Python,269,large
hmldns__nautex,Python,268,large
mindee__mindee-api-python,Python,227,large
WaterplanAI__agentic-config,Python,129,large
MontrealCorpusTools__PolyglotDB,Python,204,large
23andMe__LDZip,C++,208,small
walbourn__contentexporter,C++,208,small
wichtounet__swr-calculator,C++,210,small
ekkuleivonen__ducklake-cdc-extension,C++,234,small
leggedrobotics__robot_self_filter,C++,193,small
Chowdhury-DSP__wdf_compiler,C++,216,small
rt-net__raspimouse_ros2_examples,C++,195,small
bemanproject__optional,C++,215,small
enactic__openarm_can,C++,202,small
openlab-x__OpenCircuitX,C++,197,small
collyn__skey,C++,202,small
aliasgroup__Wifi-Cracker,C++,207,small
Palm1r__llmqore,C++,237,small
IvanMurzak__Unreal-MCP,C++,198,small
joaospinto__sip,C++,197,small
vituha230__Neuro-Skyrim-Integration,C++,234,small
fourthlogic__FLImagingExamplesCpp,C++,222,small
yhirose__cpp-llamalib,C++,237,small
Jazeredz__DLL-Hijacking-Vulnerability-Scanner,C++,227,small
NIRALUser__SPHARM-PDM,C++,216,small
ne-app-eu__krnl,C++,219,small
dtcxzyw__llvm-mutation-based-fuzz-service,C++,202,small
Helldez__BigMoeOnEdge,C++,215,small
2captcha__2captcha-cpp,C++,230,small
chengruiz__stepit,C++,194,small
apt-sim__AdePT,C++,251,medium
dskkato__ros2_cuda_ipc,C++,260,medium
NiobiumInc__niobium-haze,C++,267,medium
Bajie001__ecovacs_bajie_sdk,C++,249,medium
scitix__InstantTensor,C++,293,medium
llnl__dftracer,C++,246,medium
qulacs__scaluq,C++,280,medium
NetKit-Labs__memkit,C++,278,medium
dddqmmx__arirang,C++,289,medium
MartensCedric__antipodal,C++,252,medium
flagos-ai__flir,C++,274,medium
Vatrials__League-of-Legends-Visuals-Cheat,C++,272,medium
Ekozmaster__Vibe-Reverse-Engineering,C++,253,medium
shiguredo__sora-cpp-sdk,C++,271,medium
PeterRK__protocache,C++,269,medium
KDE__kuserfeedback,C++,286,medium
dmalhotra__SCTL,C++,254,medium
Bokjan__BravoFinder,C++,272,medium
Laeteth__advanced-anti-sandbox-Virtual-Machine,C++,246,medium
devzendo__transputer-emulator,C++,268,medium
vllm-project__vllm-xpu-kernels,C++,280,medium
gorkemgun__ksu-frida,C++,275,medium
EnderMo__PoggetCore,C++,260,medium
kernelwernel__llarm,C++,285,medium
aifoundry-org__hf-hackathon,C++,255,medium
ospray__anari-ospray,C++,298,large
openbmc__openpower-vpd-parser,C++,346,large
condy-cpp__condy,C++,335,large
GlomarGadaffi__pocket-dial,C++,321,large
tatami-inc__tatami,C++,340,large
bitcoinfuzz__bitcoinfuzz,C++,333,large
lynx-family__lynxtron,C++,361,large
BenBerke__Tilky-Engine,C++,318,large
suprepupre__wow-optimize,C++,371,large
lynx-family__debug-router,C++,353,large
trailcode__EzyCad,C++,380,large
zushinzackery2-ship-it__Unity202x-eXternalrEsolve,C++,296,large
berthubert__tkconv,C++,373,large
qr-rp__GO_Midi,C++,335,large
MetaversalCorp__Sneeze,C++,327,large
Open-CMSIS-Pack__devtools,C++,312,large
masterai-top__cfr-poker-ai-masterai,C++,318,large
yamacir-kit__meevax,C++,333,large
schrodinger__sketcher,C++,310,large
DigitalPulseSoftware__ThisSpaceOfMine,C++,375,large
opendcdiag__opendcdiag,C++,366,large
GuntherRademacher__rex-parser-generator,C++,340,large
dbrizov__hob2d,C++,350,large
CoolProp__CoolSolve,C++,341,large
